{"mean":{"advocate.com":-17.2222222222,"ajc.com":-1.1833333333,"al.com":-1.4,"aljazeera.com":-4.5092838196,"alternet.org":-18.9399470899,"americanthinker.com":26.990530303,"apnews.com":-2.125,"axios.com":-4.7048850575,"azcentral.com":-2.7453703704,"baltimoresun.com":-2.2888888889,"bbc.co":0.0,"bbc.com":-1.7560435435,"billoreilly.com":24.38,"bloomberg.com":-1.7411764706,"bostonglobe.com":-6.1363636364,"bostonherald.com":4.9166666667,"breitbart.com":15.5352645503,"businessinsider.com":-2.9242063492,"buzzfeednews.com":-8.2977564103,"cbn.com":15.6555555556,"cbsnews.com":-2.2095899471,"chicagotribune.com":0.6185897436,"christianitytoday.com":7.3866666667,"chron.com":-1.2962962963,"cnbc.com":-1.2037037037,"cnn.com":-7.2960846561,"cnsnews.com":14.4679487179,"commondreams.org":-16.9800705467,"counterpunch.org":-15.6078431373,"courant.com":-1.4272727273,"csmonitor.com":-0.5973389356,"currentaffairs.org":-19.4230769231,"dailykos.com":-19.5656504719,"dailymail.co":0.534375,"dailysignal.com":17.9466666667,"dailywire.com":15.9437003968,"dallasnews.com":-2.258953168,"democracynow.org":-14.2724867725,"denverpost.com":-1.9431731503,"deseret.com":-1.0861823362,"detroitnews.com":-0.9105820106,"economist.com":-1.0243055556,"fairobserver.com":-1.3733333333,"forbes.com":-1.5185458481,"foxnews.com":12.8226061077,"freep.com":-1.2222222222,"ft.com":0.8320512821,"glennbeck.com":23.3518518519,"goodnewsnetwork.org":-1.55,"houstonchronicle.com":-1.6242424242,"huffpost.com":-11.9339285714,"independent.co":-6.3142857143,"india.com":-7.2222222222,"indystar.com":-1.3541666667,"infowars.com":23.4541666667,"inquisitr.com":-3.0833333333,"jacobinmag.com":-20.0984848485,"jsonline.com":-4.2023809524,"judicialwatch.org":25.8571428571,"kansascity.com":-2.4901960784,"latimes.com":-3.9427018634,"lifenews.com":22.3421717172,"lifezette.com":23.2393162393,"marketwatch.com":-2.0732323232,"mediaite.com":-12.7523809524,"mercurynews.com":-3.0,"mic.com":-7.0110974275,"militarytimes.com":-0.4513888889,"motherjones.com":-13.9155284043,"msnbc.com":-11.6550925926,"nationalenquirer.com":5.6722222222,"nationalreview.com":15.3984170196,"naturalnews.com":27.9932098765,"nbcnews.com":-4.6858061044,"newsandguts.com":-9.9318181818,"newsbusters.org":19.219047619,"newsday.com":-3.7,"newsmax.com":13.0335796388,"newsweek.com":-8.5741452991,"newsy.com":-1.9477777778,"newyorker.com":-6.835978836,"nj.com":-0.5595238095,"nola.com":-1.7654320988,"npr.org":-2.5786738351,"nydailynews.com":-4.5346135609,"nytimes.com":-4.7306629834,"oann.com":14.0801587302,"oregonlive.com":-2.3106060606,"orlandosentinel.com":-1.5902777778,"ozy.com":-4.9033333333,"palmerreport.com":-26.1226851852,"pbs.org":-2.8919753086,"politico.com":-5.9225851309,"poynter.org":-10.125,"propublica.org":-5.04,"rasmussenreports.com":5.6666666667,"rawstory.com":-16.5764508929,"realclearpolitics.com":13.4675925926,"redstate.com":23.6933940243,"reuters.com":-1.1136446886,"reviewjournal.com":-0.2023809524,"rollcall.com":-1.8273809524,"rollingstone.com":-6.255,"rt.com":9.0959215168,"salon.com":-15.5285087719,"sandiegouniontribune.com":-1.8333333333,"scmp.com":-3.1531531532,"seattlepi.com":-3.55,"sfchronicle.com":-3.3541666667,"sfgate.com":-1.4259259259,"sltrib.com":-1.3958333333,"spectator.co":0.0,"startribune.com":-2.2051282051,"stltoday.com":-3.0,"stripes.com":0.7380952381,"syracuse.com":-0.0256410256,"tampabay.com":-1.7361111111,"teenvogue.com":-6.5972222222,"tennessean.com":-0.9615384615,"theadvocate.com":-3.9666666667,"theamericanconservative.com":10.2572463768,"theatlantic.com":-7.4195402299,"theblaze.com":13.4994557823,"thedailybeast.com":-12.8914374901,"theepochtimes.com":11.4446938776,"thefiscaltimes.com":2.1845410628,"thegatewaypundit.com":23.8665935673,"theguardian.com":-7.8010483526,"thenation.com":-16.5197628458,"theroot.com":-14.5634920635,"theskimm.com":-4.328125,"theverge.com":-5.119047619,"theweek.com":-8.3333333333,"tmz.com":-6.1884340481,"upi.com":0.2037037037,"usatoday.com":-2.9486024845,"usnews.com":-0.95,"vanityfair.com":-14.0753205128,"vice.com":-11.95,"voanews.com":-2.9047619048,"vogue.com":-7.5625,"vox.com":-9.7779304029,"washingtonexaminer.com":12.1478024291,"washingtonpost.com":-4.2715851314,"washingtontimes.com":12.5524083196,"westernjournal.com":21.8961640212,"wnd.com":19.498757764,"wonkette.com":-27.0911458333,"wsj.com":1.4932795699,"zerohedge.com":8.9259259259}}
